Air Force Blue (Raf),air_force_blue_raf,#5d8aa8,93,138,168
Air Force Blue (Usaf),air_force_blue_usaf,#00308f,0,48,143
Air Superiority Blue,air_superiority_blue,#72a0c1,114,160,193
Alabama Crimson,alabama_crimson,#a32638,163,38,56
Alice Blue,alice_blue,#f0f8ff,240,248,255
Alizarin Crimson,alizarin_crimson,#e32636,227,38,54
Alloy Orange,alloy_orange,#c46210,196,98,16
Almond,almond,#efdecd,239,222,205
Amaranth,amaranth,#e52b50,229,43,80
Amber,amber,#ffbf00,255,191,0
Amber (Sae/Ece),amber_sae_ece,#ff7e00,255,126,0
American Rose,american_rose,#ff033e,255,3,62
Amethyst,amethyst,#96c,153,102,204
Android Green,android_green,#a4c639,164,198,57
Anti-Flash White,anti_flash_white,#f2f3f4,242,243,244
Antique Brass,antique_brass,#cd9575,205,149,117
Antique Fuchsia,antique_fuchsia,#915c83,145,92,131
Antique Ruby,antique_ruby,#841b2d,132,27,45
Antique White,antique_white,#faebd7,250,235,215
Ao (English),ao_english,#008000,0,128,0
Apple Green,apple_green,#8db600,141,182,0
Apricot,apricot,#fbceb1,251,206,177
Aqua,aqua,#0ff,0,255,255
Aquamarine,aquamarine,#7fffd4,127,255,212
Army Green,army_green,#4b5320,75,83,32
Arsenic,arsenic,#3b444b,59,68,75
Arylide Yellow,arylide_yellow,#e9d66b,233,214,107
Ash Grey,ash_grey,#b2beb5,178,190,181
Asparagus,asparagus,#87a96b,135,169,107
Atomic Tangerine,atomic_tangerine,#f96,255,153,102
Auburn,auburn,#a52a2a,165,42,42
Aureolin,aureolin,#fdee00,253,238,0
Aurometalsaurus,aurometalsaurus,#6e7f80,110,127,128
Avocado,avocado,#568203,86,130,3
Azure,azure,#007fff,0,127,255
Azure Mist/Web,azure_mist_web,#f0ffff,240,255,255
Baby Blue,baby_blue,#89cff0,137,207,240
Baby Blue Eyes,baby_blue_eyes,#a1caf1,161,202,241
Baby Pink,baby_pink,#f4c2c2,244,194,194
Ball Blue,ball_blue,#21abcd,33,171,205
Banana Mania,banana_mania,#fae7b5,250,231,181
Banana Yellow,banana_yellow,#ffe135,255,225,53
Barn Red,barn_red,#7c0a02,124,10,2
Battleship Grey,battleship_grey,#848482,132,132,130
Bazaar,bazaar,#98777b,152,119,123
Beau Blue,beau_blue,#bcd4e6,188,212,230
Beaver,beaver,#9f8170,159,129,112
Beige,beige,#f5f5dc,245,245,220
Big Dip O’Ruby,big_dip_o_ruby,#9c2542,156,37,66
Bisque,bisque,#ffe4c4,255,228,196
Bistre,bistre,#3d2b1f,61,43,31
Bittersweet,bittersweet,#fe6f5e,254,111,94
Bittersweet Shimmer,bittersweet_shimmer,#bf4f51,191,79,81
Black,black,#000,0,0,0
Black Bean,black_bean,#3d0c02,61,12,2
Black Leather Jacket,black_leather_jacket,#253529,37,53,41
Black Olive,black_olive,#3b3c36,59,60,54
Blanched Almond,blanched_almond,#ffebcd,255,235,205
Blast-Off Bronze,blast_off_bronze,#a57164,165,113,100
Bleu De France,bleu_de_france,#318ce7,49,140,231
Blizzard Blue,blizzard_blue,#ace5ee,172,229,238
Blond,blond,#faf0be,250,240,190
Blue,blue,#00f,0,0,255
Blue Bell,blue_bell,#a2a2d0,162,162,208
Blue (Crayola),blue_crayola,#1f75fe,31,117,254
Blue Gray,blue_gray,#69c,102,153,204
Blue-Green,blue_green,#0d98ba,13,152,186
Blue (Munsell),blue_munsell,#0093af,0,147,175
Blue (Ncs),blue_ncs,#0087bd,0,135,189
Blue (Pigment),blue_pigment,#339,51,51,153
Blue (Ryb),blue_ryb,#0247fe,2,71,254
Blue Sapphire,blue_sapphire,#126180,18,97,128
Blue-Violet,blue_violet,#8a2be2,138,43,226
Blush,blush,#de5d83,222,93,131
Bole,bole,#79443b,121,68,59
Bondi Blue,bondi_blue,#0095b6,0,149,182
Bone,bone,#e3dac9,227,218,201
Boston University Red,boston_university_red,#c00,204,0,0
Bottle Green,bottle_green,#006a4e,0,106,78
Boysenberry,boysenberry,#873260,135,50,96
Brandeis Blue,brandeis_blue,#0070ff,0,112,255
Brass,brass,#b5a642,181,166,66
Brick Red,brick_red,#cb4154,203,65,84
Bright Cerulean,bright_cerulean,#1dacd6,29,172,214
Bright Green,bright_green,#6f0,102,255,0
Bright Lavender,bright_lavender,#bf94e4,191,148,228
Bright Maroon,bright_maroon,#c32148,195,33,72
Bright Pink,bright_pink,#ff007f,255,0,127
Bright Turquoise,bright_turquoise,#08e8de,8,232,222
Bright Ube,bright_ube,#d19fe8,209,159,232
Brilliant Lavender,brilliant_lavender,#f4bbff,244,187,255
Brilliant Rose,brilliant_rose,#ff55a3,255,85,163
Brink Pink,brink_pink,#fb607f,251,96,127
British Racing Green,british_racing_green,#004225,0,66,37
Bronze,bronze,#cd7f32,205,127,50
Brown (Traditional),brown_traditional,#964b00,150,75,0
Brown (Web),brown_web,#a52a2a,165,42,42
Bubble Gum,bubble_gum,#ffc1cc,255,193,204
Bubbles,bubbles,#e7feff,231,254,255
Buff,buff,#f0dc82,240,220,130
Bulgarian Rose,bulgarian_rose,#480607,72,6,7
Burgundy,burgundy,#800020,128,0,32
Burlywood,burlywood,#deb887,222,184,135
Burnt Orange,burnt_orange,#c50,204,85,0
Burnt Sienna,burnt_sienna,#e97451,233,116,81
Burnt Umber,burnt_umber,#8a3324,138,51,36
Byzantine,byzantine,#bd33a4,189,51,164
Byzantium,byzantium,#702963,112,41,99
Cadet,cadet,#536872,83,104,114
Cadet Blue,cadet_blue,#5f9ea0,95,158,160
Cadet Grey,cadet_grey,#91a3b0,145,163,176
Cadmium Green,cadmium_green,#006b3c,0,107,60
Cadmium Orange,cadmium_orange,#ed872d,237,135,45
Cadmium Red,cadmium_red,#e30022,227,0,34
Cadmium Yellow,cadmium_yellow,#fff600,255,246,0
Café Au Lait,caf_au_lait,#a67b5b,166,123,91
Café Noir,caf_noir,#4b3621,75,54,33
Cal Poly Green,cal_poly_green,#1e4d2b,30,77,43
Cambridge Blue,cambridge_blue,#a3c1ad,163,193,173
Camel,camel,#c19a6b,193,154,107
Cameo Pink,cameo_pink,#efbbcc,239,187,204
Camouflage Green,camouflage_green,#78866b,120,134,107
Canary Yellow,canary_yellow,#ffef00,255,239,0
Candy Apple Red,candy_apple_red,#ff0800,255,8,0
Candy Pink,candy_pink,#e4717a,228,113,122
Capri,capri,#00bfff,0,191,255
Caput Mortuum,caput_mortuum,#592720,89,39,32
Cardinal,cardinal,#c41e3a,196,30,58
Caribbean Green,caribbean_green,#0c9,0,204,153
Carmine,carmine,#960018,150,0,24
Carmine (M&P),carmine_m_p,#d70040,215,0,64
Carmine Pink,carmine_pink,#eb4c42,235,76,66
Carmine Red,carmine_red,#ff0038,255,0,56
Carnation Pink,carnation_pink,#ffa6c9,255,166,201
Carnelian,carnelian,#b31b1b,179,27,27
Carolina Blue,carolina_blue,#99badd,153,186,221
Carrot Orange,carrot_orange,#ed9121,237,145,33
Catalina Blue,catalina_blue,#062a78,6,42,120
Ceil,ceil,#92a1cf,146,161,207
Celadon,celadon,#ace1af,172,225,175
Celadon Blue,celadon_blue,#007ba7,0,123,167
Celadon Green,celadon_green,#2f847c,47,132,124
Celeste (Colour),celeste_colour,#b2ffff,178,255,255
Celestial Blue,celestial_blue,#4997d0,73,151,208
Cerise,cerise,#de3163,222,49,99
Cerise Pink,cerise_pink,#ec3b83,236,59,131
Cerulean,cerulean,#007ba7,0,123,167
Cerulean Blue,cerulean_blue,#2a52be,42,82,190
Cerulean Frost,cerulean_frost,#6d9bc3,109,155,195
Cg Blue,cg_blue,#007aa5,0,122,165
Cg Red,cg_red,#e03c31,224,60,49
Chamoisee,chamoisee,#a0785a,160,120,90
Champagne,champagne,#fad6a5,250,214,165
Charcoal,charcoal,#36454f,54,69,79
Charm Pink,charm_pink,#e68fac,230,143,172
Chartreuse (Traditional),chartreuse_traditional,#dfff00,223,255,0
Chartreuse (Web),chartreuse_web,#7fff00,127,255,0
Cherry,cherry,#de3163,222,49,99
Cherry Blossom Pink,cherry_blossom_pink,#ffb7c5,255,183,197
Chestnut,chestnut,#cd5c5c,205,92,92
China Pink,china_pink,#de6fa1,222,111,161
China Rose,china_rose,#a8516e,168,81,110
Chinese Red,chinese_red,#aa381e,170,56,30
Chocolate (Traditional),chocolate_traditional,#7b3f00,123,63,0
Chocolate (Web),chocolate_web,#d2691e,210,105,30
Chrome Yellow,chrome_yellow,#ffa700,255,167,0
Cinereous,cinereous,#98817b,152,129,123
Cinnabar,cinnabar,#e34234,227,66,52
Cinnamon,cinnamon,#d2691e,210,105,30
Citrine,citrine,#e4d00a,228,208,10
Classic Rose,classic_rose,#fbcce7,251,204,231
Cobalt,cobalt,#0047ab,0,71,171
Cocoa Brown,cocoa_brown,#d2691e,210,105,30
Coffee,coffee,#6f4e37,111,78,55
Columbia Blue,columbia_blue,#9bddff,155,221,255
Congo Pink,congo_pink,#f88379,248,131,121
Cool Black,cool_black,#002e63,0,46,99
Cool Grey,cool_grey,#8c92ac,140,146,172
Copper,copper,#b87333,184,115,51
Copper (Crayola),copper_crayola,#da8a67,218,138,103
Copper Penny,copper_penny,#ad6f69,173,111,105
Copper Red,copper_red,#cb6d51,203,109,81
Copper Rose,copper_rose,#966,153,102,102
Coquelicot,coquelicot,#ff3800,255,56,0
Coral,coral,#ff7f50,255,127,80
Coral Pink,coral_pink,#f88379,248,131,121
Coral Red,coral_red,#ff4040,255,64,64
Cordovan,cordovan,#893f45,137,63,69
Corn,corn,#fbec5d,251,236,93
Cornell Red,cornell_red,#b31b1b,179,27,27
Cornflower Blue,cornflower_blue,#6495ed,100,149,237
Cornsilk,cornsilk,#fff8dc,255,248,220
Cosmic Latte,cosmic_latte,#fff8e7,255,248,231
Cotton Candy,cotton_candy,#ffbcd9,255,188,217
Cream,cream,#fffdd0,255,253,208
Crimson,crimson,#dc143c,220,20,60
Crimson Glory,crimson_glory,#be0032,190,0,50
Cyan,cyan,#0ff,0,255,255
Cyan (Process),cyan_process,#00b7eb,0,183,235
Daffodil,daffodil,#ffff31,255,255,49
Dandelion,dandelion,#f0e130,240,225,48
Dark Blue,dark_blue,#00008b,0,0,139
Dark Brown,dark_brown,#654321,101,67,33
Dark Byzantium,dark_byzantium,#5d3954,93,57,84
Dark Candy Apple Red,dark_candy_apple_red,#a40000,164,0,0
Dark Cerulean,dark_cerulean,#08457e,8,69,126
Dark Chestnut,dark_chestnut,#986960,152,105,96
Dark Coral,dark_coral,#cd5b45,205,91,69
Dark Cyan,dark_cyan,#008b8b,0,139,139
Dark Electric Blue,dark_electric_blue,#536878,83,104,120
Dark Goldenrod,dark_goldenrod,#b8860b,184,134,11
Dark Gray,dark_gray,#a9a9a9,169,169,169
Dark Green,dark_green,#013220,1,50,32
Dark Imperial Blue,dark_imperial_blue,#00416a,0,65,106
Dark Jungle Green,dark_jungle_green,#1a2421,26,36,33
Dark Khaki,dark_khaki,#bdb76b,189,183,107
Dark Lava,dark_lava,#483c32,72,60,50
Dark Lavender,dark_lavender,#734f96,115,79,150
Dark Magenta,dark_magenta,#8b008b,139,0,139
Dark Midnight Blue,dark_midnight_blue,#036,0,51,102
Dark Olive Green,dark_olive_green,#556b2f,85,107,47
Dark Orange,dark_orange,#ff8c00,255,140,0
Dark Orchid,dark_orchid,#9932cc,153,50,204
Dark Pastel Blue,dark_pastel_blue,#779ecb,119,158,203
Dark Pastel Green,dark_pastel_green,#03c03c,3,192,60
Dark Pastel Purple,dark_pastel_purple,#966fd6,150,111,214
Dark Pastel Red,dark_pastel_red,#c23b22,194,59,34
Dark Pink,dark_pink,#e75480,231,84,128
Dark Powder Blue,dark_powder_blue,#039,0,51,153
Dark Raspberry,dark_raspberry,#872657,135,38,87
Dark Red,dark_red,#8b0000,139,0,0
Dark Salmon,dark_salmon,#e9967a,233,150,122
Dark Scarlet,dark_scarlet,#560319,86,3,25
Dark Sea Green,dark_sea_green,#8fbc8f,143,188,143
Dark Sienna,dark_sienna,#3c1414,60,20,20
Dark Slate Blue,dark_slate_blue,#483d8b,72,61,139
Dark Slate Gray,dark_slate_gray,#2f4f4f,47,79,79
Dark Spring Green,dark_spring_green,#177245,23,114,69
Dark Tan,dark_tan,#918151,145,129,81
Dark Tangerine,dark_tangerine,#ffa812,255,168,18
Dark Taupe,dark_taupe,#483c32,72,60,50
Dark Terra Cotta,dark_terra_cotta,#cc4e5c,204,78,92
Dark Turquoise,dark_turquoise,#00ced1,0,206,209
Dark Violet,dark_violet,#9400d3,148,0,211
Dark Yellow,dark_yellow,#9b870c,155,135,12
Dartmouth Green,dartmouth_green,#00703c,0,112,60
Davy'S Grey,davy_s_grey,#555,85,85,85
Debian Red,debian_red,#d70a53,215,10,83
Deep Carmine,deep_carmine,#a9203e,169,32,62
Deep Carmine Pink,deep_carmine_pink,#ef3038,239,48,56
Deep Carrot Orange,deep_carrot_orange,#e9692c,233,105,44
Deep Cerise,deep_cerise,#da3287,218,50,135
Deep Champagne,deep_champagne,#fad6a5,250,214,165
Deep Chestnut,deep_chestnut,#b94e48,185,78,72
Deep Coffee,deep_coffee,#704241,112,66,65
Deep Fuchsia,deep_fuchsia,#c154c1,193,84,193
Deep Jungle Green,deep_jungle_green,#004b49,0,75,73
Deep Lilac,deep_lilac,#95b,153,85,187
Deep Magenta,deep_magenta,#c0c,204,0,204
Deep Peach,deep_peach,#ffcba4,255,203,164
Deep Pink,deep_pink,#ff1493,255,20,147
Deep Ruby,deep_ruby,#843f5b,132,63,91
Deep Saffron,deep_saffron,#f93,255,153,51
Deep Sky Blue,deep_sky_blue,#00bfff,0,191,255
Deep Tuscan Red,deep_tuscan_red,#66424d,102,66,77
Denim,denim,#1560bd,21,96,189
Desert,desert,#c19a6b,193,154,107
Desert Sand,desert_sand,#edc9af,237,201,175
Dim Gray,dim_gray,#696969,105,105,105
Dodger Blue,dodger_blue,#1e90ff,30,144,255
Dogwood Rose,dogwood_rose,#d71868,215,24,104
Dollar Bill,dollar_bill,#85bb65,133,187,101
Drab,drab,#967117,150,113,23
Duke Blue,duke_blue,#00009c,0,0,156
Earth Yellow,earth_yellow,#e1a95f,225,169,95
Ebony,ebony,#555d50,85,93,80
Ecru,ecru,#c2b280,194,178,128
Eggplant,eggplant,#614051,97,64,81
Eggshell,eggshell,#f0ead6,240,234,214
Egyptian Blue,egyptian_blue,#1034a6,16,52,166
Electric Blue,electric_blue,#7df9ff,125,249,255
Electric Crimson,electric_crimson,#ff003f,255,0,63
Electric Cyan,electric_cyan,#0ff,0,255,255
Electric Green,electric_green,#0f0,0,255,0
Electric Indigo,electric_indigo,#6f00ff,111,0,255
Electric Lavender,electric_lavender,#f4bbff,244,187,255
Electric Lime,electric_lime,#cf0,204,255,0
Electric Purple,electric_purple,#bf00ff,191,0,255
Electric Ultramarine,electric_ultramarine,#3f00ff,63,0,255
Electric Violet,electric_violet,#8f00ff,143,0,255
Electric Yellow,electric_yellow,#ff0,255,255,0
Emerald,emerald,#50c878,80,200,120
English Lavender,english_lavender,#b48395,180,131,149
Eton Blue,eton_blue,#96c8a2,150,200,162
Fallow,fallow,#c19a6b,193,154,107
Falu Red,falu_red,#801818,128,24,24
Fandango,fandango,#b53389,181,51,137
Fashion Fuchsia,fashion_fuchsia,#f400a1,244,0,161
Fawn,fawn,#e5aa70,229,170,112
Feldgrau,feldgrau,#4d5d53,77,93,83
Fern Green,fern_green,#4f7942,79,121,66
Ferrari Red,ferrari_red,#ff2800,255,40,0
Field Drab,field_drab,#6c541e,108,84,30
Fire Engine Red,fire_engine_red,#ce2029,206,32,41
Firebrick,firebrick,#b22222,178,34,34
Flame,flame,#e25822,226,88,34
Flamingo Pink,flamingo_pink,#fc8eac,252,142,172
Flavescent,flavescent,#f7e98e,247,233,142
Flax,flax,#eedc82,238,220,130
Floral White,floral_white,#fffaf0,255,250,240
Fluorescent Orange,fluorescent_orange,#ffbf00,255,191,0
Fluorescent Pink,fluorescent_pink,#ff1493,255,20,147
Fluorescent Yellow,fluorescent_yellow,#cf0,204,255,0
Folly,folly,#ff004f,255,0,79
Forest Green (Traditional),forest_green_traditional,#014421,1,68,33
Forest Green (Web),forest_green_web,#228b22,34,139,34
French Beige,french_beige,#a67b5b,166,123,91
French Blue,french_blue,#0072bb,0,114,187
French Lilac,french_lilac,#86608e,134,96,142
French Lime,french_lime,#cf0,204,255,0
French Raspberry,french_raspberry,#c72c48,199,44,72
French Rose,french_rose,#f64a8a,246,74,138
Fuchsia,fuchsia,#f0f,255,0,255
Fuchsia (Crayola),fuchsia_crayola,#c154c1,193,84,193
Fuchsia Pink,fuchsia_pink,#f7f,255,119,255
Fuchsia Rose,fuchsia_rose,#c74375,199,67,117
Fulvous,fulvous,#e48400,228,132,0
Fuzzy Wuzzy,fuzzy_wuzzy,#c66,204,102,102
Gainsboro,gainsboro,#dcdcdc,220,220,220
Gamboge,gamboge,#e49b0f,228,155,15
Ghost White,ghost_white,#f8f8ff,248,248,255
Ginger,ginger,#b06500,176,101,0
Glaucous,glaucous,#6082b6,96,130,182
Glitter,glitter,#e6e8fa,230,232,250
Gold (Metallic),gold_metallic,#d4af37,212,175,55
Gold (Web) (Golden),gold_web_golden,#ffd700,255,215,0
Golden Brown,golden_brown,#996515,153,101,21
Golden Poppy,golden_poppy,#fcc200,252,194,0
Golden Yellow,golden_yellow,#ffdf00,255,223,0
Goldenrod,goldenrod,#daa520,218,165,32
Granny Smith Apple,granny_smith_apple,#a8e4a0,168,228,160
Gray,gray,#808080,128,128,128
Gray-Asparagus,gray_asparagus,#465945,70,89,69
Gray (Html/Css Gray),gray_html_css_gray,#808080,128,128,128
Gray (X11 Gray),gray_x11_gray,#bebebe,190,190,190
Green (Color Wheel) (X11 Green),green_color_wheel_x11_green,#0f0,0,255,0
Green (Crayola),green_crayola,#1cac78,28,172,120
Green (Html/Css Green),green_html_css_green,#008000,0,128,0
Green (Munsell),green_munsell,#00a877,0,168,119
Green (Ncs),green_ncs,#009f6b,0,159,107
Green (Pigment),green_pigment,#00a550,0,165,80
Green (Ryb),green_ryb,#66b032,102,176,50
Green-Yellow,green_yellow,#adff2f,173,255,47
Grullo,grullo,#a99a86,169,154,134
Guppie Green,guppie_green,#00ff7f,0,255,127
Halayà úBe,halay_be,#663854,102,56,84
Han Blue,han_blue,#446ccf,68,108,207
Han Purple,han_purple,#5218fa,82,24,250
Hansa Yellow,hansa_yellow,#e9d66b,233,214,107
Harlequin,harlequin,#3fff00,63,255,0
Harvard Crimson,harvard_crimson,#c90016,201,0,22
Harvest Gold,harvest_gold,#da9100,218,145,0
Heart Gold,heart_gold,#808000,128,128,0
Heliotrope,heliotrope,#df73ff,223,115,255
Hollywood Cerise,hollywood_cerise,#f400a1,244,0,161
Honeydew,honeydew,#f0fff0,240,255,240
Honolulu Blue,honolulu_blue,#007fbf,0,127,191
Hooker'S Green,hooker_s_green,#49796b,73,121,107
Hot Magenta,hot_magenta,#ff1dce,255,29,206
Hot Pink,hot_pink,#ff69b4,255,105,180
Hunter Green,hunter_green,#355e3b,53,94,59
Iceberg,iceberg,#71a6d2,113,166,210
Icterine,icterine,#fcf75e,252,247,94
Imperial Blue,imperial_blue,#002395,0,35,149
Inchworm,inchworm,#b2ec5d,178,236,93
India Green,india_green,#138808,19,136,8
Indian Red,indian_red,#cd5c5c,205,92,92
Indian Yellow,indian_yellow,#e3a857,227,168,87
Indigo,indigo,#6f00ff,111,0,255
Indigo (Dye),indigo_dye,#00416a,0,65,106
Indigo (Web),indigo_web,#4b0082,75,0,130
International Klein Blue,international_klein_blue,#002fa7,0,47,167
International Orange (Aerospace),international_orange_aerospace,#ff4f00,255,79,0
International Orange (Engineering),international_orange_engineering,#ba160c,186,22,12
International Orange (Golden Gate Bridge),international_orange_golden_gate_bridge,#c0362c,192,54,44
Iris,iris,#5a4fcf,90,79,207
Isabelline,isabelline,#f4f0ec,244,240,236
Islamic Green,islamic_green,#009000,0,144,0
Ivory,ivory,#fffff0,255,255,240
Jade,jade,#00a86b,0,168,107
Jasmine,jasmine,#f8de7e,248,222,126
Jasper,jasper,#d73b3e,215,59,62
Jazzberry Jam,jazzberry_jam,#a50b5e,165,11,94
Jet,jet,#343434,52,52,52
Jonquil,jonquil,#fada5e,250,218,94
June Bud,june_bud,#bdda57,189,218,87
Jungle Green,jungle_green,#29ab87,41,171,135
Kelly Green,kelly_green,#4cbb17,76,187,23
Kenyan Copper,kenyan_copper,#7c1c05,124,28,5
Khaki (Html/Css) (Khaki),khaki_html_css_khaki,#c3b091,195,176,145
Khaki (X11) (Light Khaki),khaki_x11_light_khaki,#f0e68c,240,230,140
Ku Crimson,ku_crimson,#e8000d,232,0,13
La Salle Green,la_salle_green,#087830,8,120,48
Languid Lavender,languid_lavender,#d6cadd,214,202,221
Lapis Lazuli,lapis_lazuli,#26619c,38,97,156
Laser Lemon,laser_lemon,#fefe22,254,254,34
Laurel Green,laurel_green,#a9ba9d,169,186,157
Lava,lava,#cf1020,207,16,32
Lavender Blue,lavender_blue,#ccf,204,204,255
Lavender Blush,lavender_blush,#fff0f5,255,240,245
Lavender (Floral),lavender_floral,#b57edc,181,126,220
Lavender Gray,lavender_gray,#c4c3d0,196,195,208
Lavender Indigo,lavender_indigo,#9457eb,148,87,235
Lavender Magenta,lavender_magenta,#ee82ee,238,130,238
Lavender Mist,lavender_mist,#e6e6fa,230,230,250
Lavender Pink,lavender_pink,#fbaed2,251,174,210
Lavender Purple,lavender_purple,#967bb6,150,123,182
Lavender Rose,lavender_rose,#fba0e3,251,160,227
Lavender (Web),lavender_web,#e6e6fa,230,230,250
Lawn Green,lawn_green,#7cfc00,124,252,0
Lemon,lemon,#fff700,255,247,0
Lemon Chiffon,lemon_chiffon,#fffacd,255,250,205
Lemon Lime,lemon_lime,#e3ff00,227,255,0
Licorice,licorice,#1a1110,26,17,16
Light Apricot,light_apricot,#fdd5b1,253,213,177
Light Blue,light_blue,#add8e6,173,216,230
Light Brown,light_brown,#b5651d,181,101,29
Light Carmine Pink,light_carmine_pink,#e66771,230,103,113
Light Coral,light_coral,#f08080,240,128,128
Light Cornflower Blue,light_cornflower_blue,#93ccea,147,204,234
Light Crimson,light_crimson,#f56991,245,105,145
Light Cyan,light_cyan,#e0ffff,224,255,255
Light Fuchsia Pink,light_fuchsia_pink,#f984ef,249,132,239
Light Goldenrod Yellow,light_goldenrod_yellow,#fafad2,250,250,210
Light Gray,light_gray,#d3d3d3,211,211,211
Light Green,light_green,#90ee90,144,238,144
Light Khaki,light_khaki,#f0e68c,240,230,140
Light Pastel Purple,light_pastel_purple,#b19cd9,177,156,217
Light Pink,light_pink,#ffb6c1,255,182,193
Light Red Ochre,light_red_ochre,#e97451,233,116,81
Light Salmon,light_salmon,#ffa07a,255,160,122
Light Salmon Pink,light_salmon_pink,#f99,255,153,153
Light Sea Green,light_sea_green,#20b2aa,32,178,170
Light Sky Blue,light_sky_blue,#87cefa,135,206,250
Light Slate Gray,light_slate_gray,#789,119,136,153
Light Taupe,light_taupe,#b38b6d,179,139,109
Light Thulian Pink,light_thulian_pink,#e68fac,230,143,172
Light Yellow,light_yellow,#ffffe0,255,255,224
Lilac,lilac,#c8a2c8,200,162,200
Lime (Color Wheel),lime_color_wheel,#bfff00,191,255,0
Lime Green,lime_green,#32cd32,50,205,50
Lime (Web) (X11 Green),lime_web_x11_green,#0f0,0,255,0
Limerick,limerick,#9dc209,157,194,9
Lincoln Green,lincoln_green,#195905,25,89,5
Linen,linen,#faf0e6,250,240,230
Lion,lion,#c19a6b,193,154,107
Little Boy Blue,little_boy_blue,#6ca0dc,108,160,220
Liver,liver,#534b4f,83,75,79
Lust,lust,#e62020,230,32,32
Magenta,magenta,#f0f,255,0,255
Magenta (Dye),magenta_dye,#ca1f7b,202,31,123
Magenta (Process),magenta_process,#ff0090,255,0,144
Magic Mint,magic_mint,#aaf0d1,170,240,209
Magnolia,magnolia,#f8f4ff,248,244,255
Mahogany,mahogany,#c04000,192,64,0
Maize,maize,#fbec5d,251,236,93
Majorelle Blue,majorelle_blue,#6050dc,96,80,220
Malachite,malachite,#0bda51,11,218,81
Manatee,manatee,#979aaa,151,154,170
Mango Tango,mango_tango,#ff8243,255,130,67
Mantis,mantis,#74c365,116,195,101
Mardi Gras,mardi_gras,#880085,136,0,133
Maroon (Crayola),maroon_crayola,#c32148,195,33,72
Maroon (Html/Css),maroon_html_css,#800000,128,0,0
Maroon (X11),maroon_x11,#b03060,176,48,96
Mauve,mauve,#e0b0ff,224,176,255
Mauve Taupe,mauve_taupe,#915f6d,145,95,109
Mauvelous,mauvelous,#ef98aa,239,152,170
Maya Blue,maya_blue,#73c2fb,115,194,251
Meat Brown,meat_brown,#e5b73b,229,183,59
Medium Aquamarine,medium_aquamarine,#6da,102,221,170
Medium Blue,medium_blue,#0000cd,0,0,205
Medium Candy Apple Red,medium_candy_apple_red,#e2062c,226,6,44
Medium Carmine,medium_carmine,#af4035,175,64,53
Medium Champagne,medium_champagne,#f3e5ab,243,229,171
Medium Electric Blue,medium_electric_blue,#035096,3,80,150
Medium Jungle Green,medium_jungle_green,#1c352d,28,53,45
Medium Lavender Magenta,medium_lavender_magenta,#dda0dd,221,160,221
Medium Orchid,medium_orchid,#ba55d3,186,85,211
Medium Persian Blue,medium_persian_blue,#0067a5,0,103,165
Medium Purple,medium_purple,#9370db,147,112,219
Medium Red-Violet,medium_red_violet,#bb3385,187,51,133
Medium Ruby,medium_ruby,#aa4069,170,64,105
Medium Sea Green,medium_sea_green,#3cb371,60,179,113
Medium Slate Blue,medium_slate_blue,#7b68ee,123,104,238
Medium Spring Bud,medium_spring_bud,#c9dc87,201,220,135
Medium Spring Green,medium_spring_green,#00fa9a,0,250,154
Medium Taupe,medium_taupe,#674c47,103,76,71
Medium Turquoise,medium_turquoise,#48d1cc,72,209,204
Medium Tuscan Red,medium_tuscan_red,#79443b,121,68,59
Medium Vermilion,medium_vermilion,#d9603b,217,96,59
Medium Violet-Red,medium_violet_red,#c71585,199,21,133
Mellow Apricot,mellow_apricot,#f8b878,248,184,120
Mellow Yellow,mellow_yellow,#f8de7e,248,222,126
Melon,melon,#fdbcb4,253,188,180
Midnight Blue,midnight_blue,#191970,25,25,112
Midnight Green (Eagle Green),midnight_green_eagle_green,#004953,0,73,83
Mikado Yellow,mikado_yellow,#ffc40c,255,196,12
Mint,mint,#3eb489,62,180,137
Mint Cream,mint_cream,#f5fffa,245,255,250
Mint Green,mint_green,#98ff98,152,255,152
Misty Rose,misty_rose,#ffe4e1,255,228,225
Moccasin,moccasin,#faebd7,250,235,215
Mode Beige,mode_beige,#967117,150,113,23
Moonstone Blue,moonstone_blue,#73a9c2,115,169,194
Mordant Red 19,mordant_red_19,#ae0c00,174,12,0
Moss Green,moss_green,#addfad,173,223,173
Mountain Meadow,mountain_meadow,#30ba8f,48,186,143
Mountbatten Pink,mountbatten_pink,#997a8d,153,122,141
Msu Green,msu_green,#18453b,24,69,59
Mulberry,mulberry,#c54b8c,197,75,140
Mustard,mustard,#ffdb58,255,219,88
Myrtle,myrtle,#21421e,33,66,30
Nadeshiko Pink,nadeshiko_pink,#f6adc6,246,173,198
Napier Green,napier_green,#2a8000,42,128,0
Naples Yellow,naples_yellow,#fada5e,250,218,94
Navajo White,navajo_white,#ffdead,255,222,173
Navy Blue,navy_blue,#000080,0,0,128
Neon Carrot,neon_carrot,#ffa343,255,163,67
Neon Fuchsia,neon_fuchsia,#fe4164,254,65,100
Neon Green,neon_green,#39ff14,57,255,20
New York Pink,new_york_pink,#d7837f,215,131,127
Non-Photo Blue,non_photo_blue,#a4dded,164,221,237
North Texas Green,north_texas_green,#059033,5,144,51
Ocean Boat Blue,ocean_boat_blue,#0077be,0,119,190
Ochre,ochre,#c72,204,119,34
Office Green,office_green,#008000,0,128,0
Old Gold,old_gold,#cfb53b,207,181,59
Old Lace,old_lace,#fdf5e6,253,245,230
Old Lavender,old_lavender,#796878,121,104,120
Old Mauve,old_mauve,#673147,103,49,71
Old Rose,old_rose,#c08081,192,128,129
Olive,olive,#808000,128,128,0
Olive Drab #7,olive_drab_7,#3c341f,60,52,31
Olive Drab (Web) (Olive Drab #3),olive_drab_web_olive_drab_3,#6b8e23,107,142,35
Olivine,olivine,#9ab973,154,185,115
Onyx,onyx,#353839,53,56,57
Opera Mauve,opera_mauve,#b784a7,183,132,167
Orange (Color Wheel),orange_color_wheel,#ff7f00,255,127,0
Orange Peel,orange_peel,#ff9f00,255,159,0
Orange-Red,orange_red,#ff4500,255,69,0
Orange (Ryb),orange_ryb,#fb9902,251,153,2
Orange (Web Color),orange_web_color,#ffa500,255,165,0
Orchid,orchid,#da70d6,218,112,214
Otter Brown,otter_brown,#654321,101,67,33
Ou Crimson Red,ou_crimson_red,#900,153,0,0
Outer Space,outer_space,#414a4c,65,74,76
Outrageous Orange,outrageous_orange,#ff6e4a,255,110,74
Oxford Blue,oxford_blue,#002147,0,33,71
Pakistan Green,pakistan_green,#060,0,102,0
Palatinate Blue,palatinate_blue,#273be2,39,59,226
Palatinate Purple,palatinate_purple,#682860,104,40,96
Pale Aqua,pale_aqua,#bcd4e6,188,212,230
Pale Blue,pale_blue,#afeeee,175,238,238
Pale Brown,pale_brown,#987654,152,118,84
Pale Carmine,pale_carmine,#af4035,175,64,53
Pale Cerulean,pale_cerulean,#9bc4e2,155,196,226
Pale Chestnut,pale_chestnut,#ddadaf,221,173,175
Pale Copper,pale_copper,#da8a67,218,138,103
Pale Cornflower Blue,pale_cornflower_blue,#abcdef,171,205,239
Pale Gold,pale_gold,#e6be8a,230,190,138
Pale Goldenrod,pale_goldenrod,#eee8aa,238,232,170
Pale Green,pale_green,#98fb98,152,251,152
Pale Lavender,pale_lavender,#dcd0ff,220,208,255
Pale Magenta,pale_magenta,#f984e5,249,132,229
Pale Pink,pale_pink,#fadadd,250,218,221
Pale Plum,pale_plum,#dda0dd,221,160,221
Pale Red-Violet,pale_red_violet,#db7093,219,112,147
Pale Robin Egg Blue,pale_robin_egg_blue,#96ded1,150,222,209
Pale Silver,pale_silver,#c9c0bb,201,192,187
Pale Spring Bud,pale_spring_bud,#ecebbd,236,235,189
Pale Taupe,pale_taupe,#bc987e,188,152,126
Pale Violet-Red,pale_violet_red,#db7093,219,112,147
Pansy Purple,pansy_purple,#78184a,120,24,74
Papaya Whip,papaya_whip,#ffefd5,255,239,213
Paris Green,paris_green,#50c878,80,200,120
Pastel Blue,pastel_blue,#aec6cf,174,198,207
Pastel Brown,pastel_brown,#836953,131,105,83
Pastel Gray,pastel_gray,#cfcfc4,207,207,196
Pastel Green,pastel_green,#7d7,119,221,119
Pastel Magenta,pastel_magenta,#f49ac2,244,154,194
Pastel Orange,pastel_orange,#ffb347,255,179,71
Pastel Pink,pastel_pink,#dea5a4,222,165,164
Pastel Purple,pastel_purple,#b39eb5,179,158,181
Pastel Red,pastel_red,#ff6961,255,105,97
Pastel Violet,pastel_violet,#cb99c9,203,153,201
Pastel Yellow,pastel_yellow,#fdfd96,253,253,150
Patriarch,patriarch,#800080,128,0,128
Payne'S Grey,payne_s_grey,#536878,83,104,120
Peach,peach,#ffe5b4,255,229,180
Peach (Crayola),peach_crayola,#ffcba4,255,203,164
Peach-Orange,peach_orange,#fc9,255,204,153
Peach Puff,peach_puff,#ffdab9,255,218,185
Peach-Yellow,peach_yellow,#fadfad,250,223,173
Pear,pear,#d1e231,209,226,49
Pearl,pearl,#eae0c8,234,224,200
Pearl Aqua,pearl_aqua,#88d8c0,136,216,192
Pearly Purple,pearly_purple,#b768a2,183,104,162
Peridot,peridot,#e6e200,230,226,0
Periwinkle,periwinkle,#ccf,204,204,255
Persian Blue,persian_blue,#1c39bb,28,57,187
Persian Green,persian_green,#00a693,0,166,147
Persian Indigo,persian_indigo,#32127a,50,18,122
Persian Orange,persian_orange,#d99058,217,144,88
Persian Pink,persian_pink,#f77fbe,247,127,190
Persian Plum,persian_plum,#701c1c,112,28,28
Persian Red,persian_red,#c33,204,51,51
Persian Rose,persian_rose,#fe28a2,254,40,162
Persimmon,persimmon,#ec5800,236,88,0
Peru,peru,#cd853f,205,133,63
Phlox,phlox,#df00ff,223,0,255
Phthalo Blue,phthalo_blue,#000f89,0,15,137
Phthalo Green,phthalo_green,#123524,18,53,36
Piggy Pink,piggy_pink,#fddde6,253,221,230
Pine Green,pine_green,#01796f,1,121,111
Pink,pink,#ffc0cb,255,192,203
Pink Lace,pink_lace,#ffddf4,255,221,244
Pink-Orange,pink_orange,#f96,255,153,102
Pink Pearl,pink_pearl,#e7accf,231,172,207
Pink Sherbet,pink_sherbet,#f78fa7,247,143,167
Pistachio,pistachio,#93c572,147,197,114
Platinum,platinum,#e5e4e2,229,228,226
Plum (Traditional),plum_traditional,#8e4585,142,69,133
Plum (Web),plum_web,#dda0dd,221,160,221
Portland Orange,portland_orange,#ff5a36,255,90,54
Powder Blue (Web),powder_blue_web,#b0e0e6,176,224,230
Princeton Orange,princeton_orange,#ff8f00,255,143,0
Prune,prune,#701c1c,112,28,28
Prussian Blue,prussian_blue,#003153,0,49,83
Psychedelic Purple,psychedelic_purple,#df00ff,223,0,255
Puce,puce,#c89,204,136,153
Pumpkin,pumpkin,#ff7518,255,117,24
Purple Heart,purple_heart,#69359c,105,53,156
Purple (Html/Css),purple_html_css,#800080,128,0,128
Purple Mountain Majesty,purple_mountain_majesty,#9678b6,150,120,182
Purple (Munsell),purple_munsell,#9f00c5,159,0,197
Purple Pizzazz,purple_pizzazz,#fe4eda,254,78,218
Purple Taupe,purple_taupe,#50404d,80,64,77
Purple (X11),purple_x11,#a020f0,160,32,240
Quartz,quartz,#51484f,81,72,79
Rackley,rackley,#5d8aa8,93,138,168
Radical Red,radical_red,#ff355e,255,53,94
Rajah,rajah,#fbab60,251,171,96
Raspberry,raspberry,#e30b5d,227,11,93
Raspberry Glace,raspberry_glace,#915f6d,145,95,109
Raspberry Pink,raspberry_pink,#e25098,226,80,152
Raspberry Rose,raspberry_rose,#b3446c,179,68,108
Raw Umber,raw_umber,#826644,130,102,68
Razzle Dazzle Rose,razzle_dazzle_rose,#f3c,255,51,204
Razzmatazz,razzmatazz,#e3256b,227,37,107
Red,red,#f00,255,0,0
Red-Brown,red_brown,#a52a2a,165,42,42
Red Devil,red_devil,#860111,134,1,17
Red (Munsell),red_munsell,#f2003c,242,0,60
Red (Ncs),red_ncs,#c40233,196,2,51
Red-Orange,red_orange,#ff5349,255,83,73
Red (Pigment),red_pigment,#ed1c24,237,28,36
Red (Ryb),red_ryb,#fe2712,254,39,18
Red-Violet,red_violet,#c71585,199,21,133
Redwood,redwood,#ab4e52,171,78,82
Regalia,regalia,#522d80,82,45,128
Resolution Blue,resolution_blue,#002387,0,35,135
Rich Black,rich_black,#004040,0,64,64
Rich Brilliant Lavender,rich_brilliant_lavender,#f1a7fe,241,167,254
Rich Carmine,rich_carmine,#d70040,215,0,64
Rich Electric Blue,rich_electric_blue,#0892d0,8,146,208
Rich Lavender,rich_lavender,#a76bcf,167,107,207
Rich Lilac,rich_lilac,#b666d2,182,102,210
Rich Maroon,rich_maroon,#b03060,176,48,96
Rifle Green,rifle_green,#414833,65,72,51
Robin Egg Blue,robin_egg_blue,#0cc,0,204,204
Rose,rose,#ff007f,255,0,127
Rose Bonbon,rose_bonbon,#f9429e,249,66,158
Rose Ebony,rose_ebony,#674846,103,72,70
Rose Gold,rose_gold,#b76e79,183,110,121
Rose Madder,rose_madder,#e32636,227,38,54
Rose Pink,rose_pink,#f6c,255,102,204
Rose Quartz,rose_quartz,#aa98a9,170,152,169
Rose Taupe,rose_taupe,#905d5d,144,93,93
Rose Vale,rose_vale,#ab4e52,171,78,82
Rosewood,rosewood,#65000b,101,0,11
Rosso Corsa,rosso_corsa,#d40000,212,0,0
Rosy Brown,rosy_brown,#bc8f8f,188,143,143
Royal Azure,royal_azure,#0038a8,0,56,168
Royal Blue (Traditional),royal_blue_traditional,#002366,0,35,102
Royal Blue (Web),royal_blue_web,#4169e1,65,105,225
Royal Fuchsia,royal_fuchsia,#ca2c92,202,44,146
Royal Purple,royal_purple,#7851a9,120,81,169
Royal Yellow,royal_yellow,#fada5e,250,218,94
Rubine Red,rubine_red,#d10056,209,0,86
Ruby,ruby,#e0115f,224,17,95
Ruby Red,ruby_red,#9b111e,155,17,30
Ruddy,ruddy,#ff0028,255,0,40
Ruddy Brown,ruddy_brown,#bb6528,187,101,40
Ruddy Pink,ruddy_pink,#e18e96,225,142,150
Rufous,rufous,#a81c07,168,28,7
Russet,russet,#80461b,128,70,27
Rust,rust,#b7410e,183,65,14
Rusty Red,rusty_red,#da2c43,218,44,67
Sacramento State Green,sacramento_state_green,#00563f,0,86,63
Saddle Brown,saddle_brown,#8b4513,139,69,19
Safety Orange (Blaze Orange),safety_orange_blaze_orange,#ff6700,255,103,0
Saffron,saffron,#f4c430,244,196,48
Salmon,salmon,#ff8c69,255,140,105
Salmon Pink,salmon_pink,#ff91a4,255,145,164
Sand,sand,#c2b280,194,178,128
Sand Dune,sand_dune,#967117,150,113,23
Sandstorm,sandstorm,#ecd540,236,213,64
Sandy Brown,sandy_brown,#f4a460,244,164,96
Sandy Taupe,sandy_taupe,#967117,150,113,23
Sangria,sangria,#92000a,146,0,10
Sap Green,sap_green,#507d2a,80,125,42
Sapphire,sapphire,#0f52ba,15,82,186
Sapphire Blue,sapphire_blue,#0067a5,0,103,165
Satin Sheen Gold,satin_sheen_gold,#cba135,203,161,53
Scarlet,scarlet,#ff2400,255,36,0
Scarlet (Crayola),scarlet_crayola,#fd0e35,253,14,53
School Bus Yellow,school_bus_yellow,#ffd800,255,216,0
Screamin' Green,screamin_green,#76ff7a,118,255,122
Sea Blue,sea_blue,#006994,0,105,148
Sea Green,sea_green,#2e8b57,46,139,87
Seal Brown,seal_brown,#321414,50,20,20
Seashell,seashell,#fff5ee,255,245,238
Selective Yellow,selective_yellow,#ffba00,255,186,0
Sepia,sepia,#704214,112,66,20
Shadow,shadow,#8a795d,138,121,93
Shamrock Green,shamrock_green,#009e60,0,158,96
Shocking Pink,shocking_pink,#fc0fc0,252,15,192
Shocking Pink (Crayola),shocking_pink_crayola,#ff6fff,255,111,255
Sienna,sienna,#882d17,136,45,23
Silver,silver,#c0c0c0,192,192,192
Sinopia,sinopia,#cb410b,203,65,11
Skobeloff,skobeloff,#007474,0,116,116
Sky Blue,sky_blue,#87ceeb,135,206,235
Sky Magenta,sky_magenta,#cf71af,207,113,175
Slate Blue,slate_blue,#6a5acd,106,90,205
Slate Gray,slate_gray,#708090,112,128,144
Smalt (Dark Powder Blue),smalt_dark_powder_blue,#039,0,51,153
Smokey Topaz,smokey_topaz,#933d41,147,61,65
Smoky Black,smoky_black,#100c08,16,12,8
Snow,snow,#fffafa,255,250,250
Spiro Disco Ball,spiro_disco_ball,#0fc0fc,15,192,252
Spring Bud,spring_bud,#a7fc00,167,252,0
Spring Green,spring_green,#00ff7f,0,255,127
St. Patrick'S Blue,st_patrick_s_blue,#23297a,35,41,122
Steel Blue,steel_blue,#4682b4,70,130,180
Stil De Grain Yellow,stil_de_grain_yellow,#fada5e,250,218,94
Stizza,stizza,#900,153,0,0
Stormcloud,stormcloud,#4f666a,79,102,106
Straw,straw,#e4d96f,228,217,111
Sunglow,sunglow,#fc3,255,204,51
Sunset,sunset,#fad6a5,250,214,165
Tan,tan,#d2b48c,210,180,140
Tangelo,tangelo,#f94d00,249,77,0
Tangerine,tangerine,#f28500,242,133,0
Tangerine Yellow,tangerine_yellow,#fc0,255,204,0
Tango Pink,tango_pink,#e4717a,228,113,122
Taupe,taupe,#483c32,72,60,50
Taupe Gray,taupe_gray,#8b8589,139,133,137
Tea Green,tea_green,#d0f0c0,208,240,192
Tea Rose (Orange),tea_rose_orange,#f88379,248,131,121
Tea Rose (Rose),tea_rose_rose,#f4c2c2,244,194,194
Teal,teal,#008080,0,128,128
Teal Blue,teal_blue,#367588,54,117,136
Teal Green,teal_green,#00827f,0,130,127
Telemagenta,telemagenta,#cf3476,207,52,118
Tenné (Tawny),tenn_tawny,#cd5700,205,87,0
Terra Cotta,terra_cotta,#e2725b,226,114,91
Thistle,thistle,#d8bfd8,216,191,216
Thulian Pink,thulian_pink,#de6fa1,222,111,161
Tickle Me Pink,tickle_me_pink,#fc89ac,252,137,172
Tiffany Blue,tiffany_blue,#0abab5,10,186,181
Tiger'S Eye,tiger_s_eye,#e08d3c,224,141,60
Timberwolf,timberwolf,#dbd7d2,219,215,210
Titanium Yellow,titanium_yellow,#eee600,238,230,0
Tomato,tomato,#ff6347,255,99,71
Toolbox,toolbox,#746cc0,116,108,192
Topaz,topaz,#ffc87c,255,200,124
Tractor Red,tractor_red,#fd0e35,253,14,53
Trolley Grey,trolley_grey,#808080,128,128,128
Tropical Rain Forest,tropical_rain_forest,#00755e,0,117,94
True Blue,true_blue,#0073cf,0,115,207
Tufts Blue,tufts_blue,#417dc1,65,125,193
Tumbleweed,tumbleweed,#deaa88,222,170,136
Turkish Rose,turkish_rose,#b57281,181,114,129
Turquoise,turquoise,#30d5c8,48,213,200
Turquoise Blue,turquoise_blue,#00ffef,0,255,239
Turquoise Green,turquoise_green,#a0d6b4,160,214,180
Tuscan Red,tuscan_red,#7c4848,124,72,72
Twilight Lavender,twilight_lavender,#8a496b,138,73,107
Tyrian Purple,tyrian_purple,#66023c,102,2,60
Ua Blue,ua_blue,#03a,0,51,170
Ua Red,ua_red,#d9004c,217,0,76
Ube,ube,#8878c3,136,120,195
Ucla Blue,ucla_blue,#536895,83,104,149
Ucla Gold,ucla_gold,#ffb300,255,179,0
Ufo Green,ufo_green,#3cd070,60,208,112
Ultra Pink,ultra_pink,#ff6fff,255,111,255
Ultramarine,ultramarine,#120a8f,18,10,143
Ultramarine Blue,ultramarine_blue,#4166f5,65,102,245
Umber,umber,#635147,99,81,71
Unbleached Silk,unbleached_silk,#ffddca,255,221,202
United Nations Blue,united_nations_blue,#5b92e5,91,146,229
University Of California Gold,university_of_california_gold,#b78727,183,135,39
Unmellow Yellow,unmellow_yellow,#ff6,255,255,102
Up Forest Green,up_forest_green,#014421,1,68,33
Up Maroon,up_maroon,#7b1113,123,17,19
Upsdell Red,upsdell_red,#ae2029,174,32,41
Urobilin,urobilin,#e1ad21,225,173,33
Usafa Blue,usafa_blue,#004f98,0,79,152
Usc Cardinal,usc_cardinal,#900,153,0,0
Usc Gold,usc_gold,#fc0,255,204,0
Utah Crimson,utah_crimson,#d3003f,211,0,63
Vanilla,vanilla,#f3e5ab,243,229,171
Vegas Gold,vegas_gold,#c5b358,197,179,88
Venetian Red,venetian_red,#c80815,200,8,21
Verdigris,verdigris,#43b3ae,67,179,174
Vermilion (Cinnabar),vermilion_cinnabar,#e34234,227,66,52
Vermilion (Plochere),vermilion_plochere,#d9603b,217,96,59
Veronica,veronica,#a020f0,160,32,240
Violet,violet,#8f00ff,143,0,255
Violet-Blue,violet_blue,#324ab2,50,74,178
Violet (Color Wheel),violet_color_wheel,#7f00ff,127,0,255
Violet (Ryb),violet_ryb,#8601af,134,1,175
Violet (Web),violet_web,#ee82ee,238,130,238
Viridian,viridian,#40826d,64,130,109
Vivid Auburn,vivid_auburn,#922724,146,39,36
Vivid Burgundy,vivid_burgundy,#9f1d35,159,29,53
Vivid Cerise,vivid_cerise,#da1d81,218,29,129
Vivid Tangerine,vivid_tangerine,#ffa089,255,160,137
Vivid Violet,vivid_violet,#9f00ff,159,0,255
Warm Black,warm_black,#004242,0,66,66
Waterspout,waterspout,#a4f4f9,164,244,249
Wenge,wenge,#645452,100,84,82
Wheat,wheat,#f5deb3,245,222,179
White,white,#fff,255,255,255
White Smoke,white_smoke,#f5f5f5,245,245,245
Wild Blue Yonder,wild_blue_yonder,#a2add0,162,173,208
Wild Strawberry,wild_strawberry,#ff43a4,255,67,164
Wild Watermelon,wild_watermelon,#fc6c85,252,108,133
Wine,wine,#722f37,114,47,55
Wine Dregs,wine_dregs,#673147,103,49,71
Wisteria,wisteria,#c9a0dc,201,160,220
Wood Brown,wood_brown,#c19a6b,193,154,107
Xanadu,xanadu,#738678,115,134,120
Yale Blue,yale_blue,#0f4d92,15,77,146
Yellow,yellow,#ff0,255,255,0
Yellow-Green,yellow_green,#9acd32,154,205,50
Yellow (Munsell),yellow_munsell,#efcc00,239,204,0
Yellow (Ncs),yellow_ncs,#ffd300,255,211,0
Yellow Orange,yellow_orange,#ffae42,255,174,66
Yellow (Process),yellow_process,#ffef00,255,239,0
Yellow (Ryb),yellow_ryb,#fefe33,254,254,51
Zaffre,zaffre,#0014a8,0,20,168
Zinnwaldite Brown,zinnwaldite_brown,#2c1608,44,22,8
